{"cameraMode":{"drawMode":0,"name":"Shaded","section":"Shading Mode"},"sceneLighting":false,"audioPlay":false,"sceneViewState":{"m_AlwaysRefresh":false,"showFog":false,"showSkybox":false,"showFlares":false,"showImageEffects":false,"showParticleSystems":false,"showVisualEffectGraphs":true,"m_FxEnabled":true},"in2DMode":false,"pivot":{"x":-0.03475433588027954,"y":0.8064309358596802,"z":0.09307704865932465},"rotation":{"x":0.014862041920423508,"y":0.9523137807846069,"z":-0.04595090448856354,"w":0.3014683425426483},"size":1.285367488861084,"orthographic":false}