{"cameraMode":{"drawMode":0,"name":"Shaded","section":"Shading Mode"},"sceneLighting":false,"audioPlay":false,"sceneViewState":{"m_AlwaysRefresh":false,"showFog":false,"showSkybox":false,"showFlares":false,"showImageEffects":false,"showParticleSystems":false,"showVisualEffectGraphs":true,"m_FxEnabled":true},"in2DMode":false,"pivot":{"x":-0.05795729160308838,"y":0.542818546295166,"z":0.3148066997528076},"rotation":{"x":-0.03238341957330704,"y":0.9313065409660339,"z":-0.35250142216682436,"w":-0.08640681207180023},"size":1.2923166751861573,"orthographic":false}