{"cameraMode":{"drawMode":0,"name":"Shaded","section":"Shading Mode"},"sceneLighting":false,"audioPlay":false,"sceneViewState":{"m_AlwaysRefresh":false,"showFog":false,"showSkybox":false,"showFlares":false,"showImageEffects":false,"showParticleSystems":false,"showVisualEffectGraphs":true,"m_FxEnabled":true},"in2DMode":false,"pivot":{"x":-0.052735745906829837,"y":0.780534029006958,"z":0.10511726140975952},"rotation":{"x":0.16572076082229615,"y":0.8244715332984924,"z":-0.3048267662525177,"w":0.44718417525291445},"size":1.2735379934310914,"orthographic":false}