{"cameraMode":{"drawMode":0,"name":"Shaded","section":"Shading Mode"},"sceneLighting":false,"audioPlay":false,"sceneViewState":{"m_AlwaysRefresh":false,"showFog":false,"showSkybox":false,"showFlares":false,"showImageEffects":false,"showParticleSystems":false,"showVisualEffectGraphs":true,"m_FxEnabled":true},"in2DMode":false,"pivot":{"x":0.07902584224939347,"y":0.10665877908468247,"z":0.006630167365074158},"rotation":{"x":0.0401311032474041,"y":0.9526320695877075,"z":-0.14273574948310853,"w":0.26575496792793276},"size":0.12695062160491944,"orthographic":false}