{"cameraMode":{"drawMode":0,"name":"Shaded","section":"Shading Mode"},"sceneLighting":false,"audioPlay":false,"sceneViewState":{"m_AlwaysRefresh":false,"showFog":false,"showSkybox":false,"showFlares":false,"showImageEffects":false,"showParticleSystems":false,"showVisualEffectGraphs":true,"m_FxEnabled":true},"in2DMode":false,"pivot":{"x":-0.03475433588027954,"y":0.8064309358596802,"z":0.09307704865932465},"rotation":{"x":0.007349791005253792,"y":0.9902112483978272,"z":-0.05378736928105354,"w":0.12903571128845216},"size":1.285367488861084,"orthographic":false}