{"cameraMode":{"drawMode":0,"name":"Shaded","section":"Shading Mode"},"sceneLighting":false,"audioPlay":false,"sceneViewState":{"m_AlwaysRefresh":false,"showFog":false,"showSkybox":false,"showFlares":false,"showImageEffects":false,"showParticleSystems":false,"showVisualEffectGraphs":true,"m_FxEnabled":true},"in2DMode":false,"pivot":{"x":0.06696957349777222,"y":0.9836617708206177,"z":0.008848011493682862},"rotation":{"x":0.0015046675689518452,"y":0.9920123815536499,"z":-0.009193748235702515,"w":0.12626037001609803},"size":1.3270925283432007,"orthographic":false}