{"cameraMode":{"drawMode":0,"name":"Shaded","section":"Shading Mode"},"sceneLighting":false,"audioPlay":false,"sceneViewState":{"m_AlwaysRefresh":false,"showFog":false,"showSkybox":false,"showFlares":false,"showImageEffects":false,"showParticleSystems":false,"showVisualEffectGraphs":true,"m_FxEnabled":true},"in2DMode":false,"pivot":{"x":0.005692422389984131,"y":0.6304029226303101,"z":0.2274702787399292},"rotation":{"x":0.15235097706317902,"y":0.8399288654327393,"z":-0.42633792757987978,"w":0.2994233965873718},"size":1.639233946800232,"orthographic":false}