{"cameraMode":{"drawMode":0,"name":"Shaded","section":"Shading Mode"},"sceneLighting":false,"audioPlay":false,"sceneViewState":{"m_AlwaysRefresh":false,"showFog":false,"showSkybox":false,"showFlares":false,"showImageEffects":false,"showParticleSystems":false,"showVisualEffectGraphs":true,"m_FxEnabled":true},"in2DMode":false,"pivot":{"x":-0.11610102653503418,"y":0.9326493740081787,"z":-0.18361389636993409},"rotation":{"x":0.13241298496723176,"y":0.8622639179229736,"z":-0.2882955074310303,"w":0.39492183923721316},"size":1.285367488861084,"orthographic":false}